dump_name,path,label_rootkit,label_azazel,label_orbit,label_mirai,label_syslogk,label_reptile,label_bpfbackdoor,label_reverseshell,label_skidmap,label_cryptominer,label_teamtnt,label_multistage,label_credscrape,hidden_proc_count,masqueraded_proc_count,deleted_exe_count,hooked_syscall_count,hidden_module_count,netfilter_hook_count,rwx_region_count,total_sockets,raw_socket_count,foreign_conn_count,high_port_count,unknown_lib_count
memdump_20260517_193349_clean.raw,dumps_v2/clean/memdump_20260517_193349_clean.raw,0,0,0,0,0,0,0,0,0,0,0,0,0,22,1,0,0,1,2,1,264,4,0,24,0
memdump_20260517_193107_clean.raw,dumps_v2/clean/memdump_20260517_193107_clean.raw,0,0,0,0,0,0,0,0,0,0,0,0,0,23,0,0,0,0,2,-1,264,4,0,24,0
memdump_20260517_193629_clean.raw,dumps_v2/clean/memdump_20260517_193629_clean.raw,0,0,0,0,0,0,0,0,0,0,0,0,0,30,2,0,0,1,2,2,264,4,0,24,0
memdump_20260517_194416_clean.raw,dumps_v2/clean/memdump_20260517_194416_clean.raw,0,0,0,0,0,0,0,0,0,0,0,0,0,27,5,0,0,1,2,5,264,4,0,24,0
memdump_20260517_193904_clean.raw,dumps_v2/clean/memdump_20260517_193904_clean.raw,0,0,0,0,0,0,0,0,0,0,0,0,0,29,3,0,0,1,2,3,264,4,0,24,0
memdump_20260517_194140_clean.raw,dumps_v2/clean/memdump_20260517_194140_clean.raw,0,0,0,0,0,0,0,0,0,0,0,0,0,27,4,0,0,1,2,4,264,4,0,24,0
memdump_20260517_194651_clean.raw,dumps_v2/clean/memdump_20260517_194651_clean.raw,0,0,0,0,0,0,0,0,0,0,0,0,0,26,6,0,0,1,2,6,264,4,0,24,0
memdump_20260517_194926_clean.raw,dumps_v2/clean/memdump_20260517_194926_clean.raw,0,0,0,0,0,0,0,0,0,0,0,0,0,23,7,0,0,1,2,7,264,4,0,24,0
memdump_20260517_195201_clean.raw,dumps_v2/clean/memdump_20260517_195201_clean.raw,0,0,0,0,0,0,0,0,0,0,0,0,0,23,8,0,0,1,2,8,264,4,0,24,0
memdump_20260517_195440_azazel_bpfbackdoor.raw,dumps_v2/pairs/azazel_bpfbackdoor/memdump_20260517_195440_azazel_bpfbackdoor.raw,0,1,0,0,0,0,1,0,0,0,0,0,0,22,10,0,0,1,2,11,265,5,0,24,1
memdump_20260517_195503_azazel_cryptominer.raw,dumps_v2/pairs/azazel_cryptominer/memdump_20260517_195503_azazel_cryptominer.raw,0,1,0,0,0,0,0,0,0,1,0,0,0,24,9,0,0,1,2,10,264,4,0,24,1
memdump_20260517_195452_azazel_credscrape.raw,dumps_v2/pairs/azazel_credscrape/memdump_20260517_195452_azazel_credscrape.raw,0,1,0,0,0,0,0,0,0,0,0,0,1,21,9,0,0,1,2,10,276,5,0,24,1
memdump_20260517_195515_azazel_mirai.raw,dumps_v2/pairs/azazel_mirai/memdump_20260517_195515_azazel_mirai.raw,0,1,0,1,0,0,0,0,0,0,0,0,0,26,10,0,0,1,2,11,264,4,0,24,1
memdump_20260517_195526_azazel_multistage.raw,dumps_v2/pairs/azazel_multistage/memdump_20260517_195526_azazel_multistage.raw,0,1,0,0,0,0,0,0,0,0,0,1,0,24,10,0,0,1,2,11,264,4,0,24,1
memdump_20260517_195538_azazel_orbit.raw,dumps_v2/pairs/azazel_orbit/memdump_20260517_195538_azazel_orbit.raw,0,1,1,0,0,0,0,0,0,0,0,0,0,22,10,0,0,1,2,15,264,4,0,24,1
memdump_20260517_195549_azazel_reptile.raw,dumps_v2/pairs/azazel_reptile/memdump_20260517_195549_azazel_reptile.raw,0,1,0,0,0,1,0,0,0,0,0,0,0,24,11,0,0,1,2,12,265,4,0,24,1
memdump_20260517_195601_azazel_reverseshell.raw,dumps_v2/pairs/azazel_reverseshell/memdump_20260517_195601_azazel_reverseshell.raw,0,1,0,0,0,0,0,1,0,0,0,0,0,23,10,0,0,1,2,11,265,4,0,24,1
memdump_20260517_195612_azazel_rootkit.raw,dumps_v2/pairs/azazel_rootkit/memdump_20260517_195612_azazel_rootkit.raw,1,1,0,0,0,0,0,0,0,0,0,0,0,25,10,0,0,1,2,11,264,4,0,24,1
memdump_20260517_195624_azazel_skidmap.raw,dumps_v2/pairs/azazel_skidmap/memdump_20260517_195624_azazel_skidmap.raw,0,1,0,0,0,0,0,0,1,0,0,0,0,25,11,0,0,1,2,12,264,4,0,24,1
memdump_20260517_195635_azazel_syslogk.raw,dumps_v2/pairs/azazel_syslogk/memdump_20260517_195635_azazel_syslogk.raw,0,1,0,0,1,0,0,0,0,0,0,0,0,24,12,0,0,1,2,13,265,4,0,24,1
memdump_20260517_195647_azazel_teamtnt.raw,dumps_v2/pairs/azazel_teamtnt/memdump_20260517_195647_azazel_teamtnt.raw,0,1,0,0,0,0,0,0,0,0,1,0,0,25,11,0,0,1,2,11,264,4,0,24,1
memdump_20260517_195658_bpfbackdoor_credscrape.raw,dumps_v2/pairs/bpfbackdoor_credscrape/memdump_20260517_195658_bpfbackdoor_credscrape.raw,0,0,0,0,0,0,1,0,0,0,0,0,1,25,11,0,0,1,2,11,265,5,0,24,0
memdump_20260517_195710_bpfbackdoor_cryptominer.raw,dumps_v2/pairs/bpfbackdoor_cryptominer/memdump_20260517_195710_bpfbackdoor_cryptominer.raw,0,0,0,0,0,0,1,0,0,1,0,0,0,26,11,0,0,1,2,11,265,5,0,24,0
memdump_20260517_195721_bpfbackdoor_mirai.raw,dumps_v2/pairs/bpfbackdoor_mirai/memdump_20260517_195721_bpfbackdoor_mirai.raw,0,0,0,1,0,0,1,0,0,0,0,0,0,25,12,0,0,1,2,12,265,5,0,24,0
memdump_20260517_195732_bpfbackdoor_multistage.raw,dumps_v2/pairs/bpfbackdoor_multistage/memdump_20260517_195732_bpfbackdoor_multistage.raw,0,0,0,0,0,0,1,0,0,0,0,1,0,23,12,0,0,1,2,12,265,5,0,24,0
memdump_20260517_195755_bpfbackdoor_reptile.raw,dumps_v2/pairs/bpfbackdoor_reptile/memdump_20260517_195755_bpfbackdoor_reptile.raw,0,0,0,0,0,1,1,0,0,0,0,0,0,17,13,0,0,1,2,13,266,5,0,24,0
memdump_20260517_195744_bpfbackdoor_orbit.raw,dumps_v2/pairs/bpfbackdoor_orbit/memdump_20260517_195744_bpfbackdoor_orbit.raw,0,0,1,0,0,0,1,0,0,0,0,0,0,17,12,0,0,1,2,16,265,5,0,24,0
memdump_20260517_195807_bpfbackdoor_reverseshell.raw,dumps_v2/pairs/bpfbackdoor_reverseshell/memdump_20260517_195807_bpfbackdoor_reverseshell.raw,0,0,0,0,0,0,1,1,0,0,0,0,0,20,12,0,0,1,2,12,266,5,0,24,0
memdump_20260517_195819_bpfbackdoor_rootkit.raw,dumps_v2/pairs/bpfbackdoor_rootkit/memdump_20260517_195819_bpfbackdoor_rootkit.raw,1,0,0,0,0,0,1,0,0,0,0,0,0,21,12,0,0,1,2,12,265,5,0,24,0
memdump_20260517_195830_bpfbackdoor_skidmap.raw,dumps_v2/pairs/bpfbackdoor_skidmap/memdump_20260517_195830_bpfbackdoor_skidmap.raw,0,0,0,0,0,0,1,0,1,0,0,0,0,20,13,0,0,1,2,13,265,5,0,24,0
memdump_20260517_195842_bpfbackdoor_syslogk.raw,dumps_v2/pairs/bpfbackdoor_syslogk/memdump_20260517_195842_bpfbackdoor_syslogk.raw,0,0,0,0,1,0,1,0,0,0,0,0,0,19,14,0,0,1,2,14,266,5,0,24,0
memdump_20260517_195853_bpfbackdoor_teamtnt.raw,dumps_v2/pairs/bpfbackdoor_teamtnt/memdump_20260517_195853_bpfbackdoor_teamtnt.raw,0,0,0,0,0,0,1,0,0,0,1,0,0,20,13,0,0,1,2,12,265,5,0,24,0
memdump_20260517_195905_credscrape_cryptominer.raw,dumps_v2/pairs/credscrape_cryptominer/memdump_20260517_195905_credscrape_cryptominer.raw,0,0,0,0,0,0,0,0,0,1,0,0,1,23,11,0,0,1,2,11,264,4,0,24,0
memdump_20260517_195916_credscrape_mirai.raw,dumps_v2/pairs/credscrape_mirai/memdump_20260517_195916_credscrape_mirai.raw,0,0,0,1,0,0,0,0,0,0,0,0,1,22,12,0,0,1,2,12,276,5,0,24,0
memdump_20260517_195928_credscrape_multistage.raw,dumps_v2/pairs/credscrape_multistage/memdump_20260517_195928_credscrape_multistage.raw,0,0,0,0,0,0,0,0,0,0,0,1,1,20,12,0,0,1,2,12,264,4,0,24,0
memdump_20260517_195939_credscrape_orbit.raw,dumps_v2/pairs/credscrape_orbit/memdump_20260517_195939_credscrape_orbit.raw,0,0,1,0,0,0,0,0,0,0,0,0,1,21,12,0,0,1,2,16,264,4,0,24,0
memdump_20260517_200015_credscrape_rootkit.raw,dumps_v2/pairs/credscrape_rootkit/memdump_20260517_200015_credscrape_rootkit.raw,1,0,0,0,0,0,0,0,0,0,0,0,1,17,12,0,0,1,2,12,285,4,0,24,0
memdump_20260517_195951_credscrape_reptile.raw,dumps_v2/pairs/credscrape_reptile/memdump_20260517_195951_credscrape_reptile.raw,0,0,0,0,0,1,0,0,0,0,0,0,1,21,13,0,0,1,2,13,277,5,0,24,0
memdump_20260517_200002_credscrape_reverseshell.raw,dumps_v2/pairs/credscrape_reverseshell/memdump_20260517_200002_credscrape_reverseshell.raw,0,0,0,0,0,0,0,1,0,0,0,0,1,21,12,0,0,1,2,12,265,4,0,24,0
memdump_20260517_200038_credscrape_syslogk.raw,dumps_v2/pairs/credscrape_syslogk/memdump_20260517_200038_credscrape_syslogk.raw,0,0,0,0,1,0,0,0,0,0,0,0,1,24,14,0,0,1,2,14,268,4,0,24,0
memdump_20260517_200026_credscrape_skidmap.raw,dumps_v2/pairs/credscrape_skidmap/memdump_20260517_200026_credscrape_skidmap.raw,0,0,0,0,0,0,0,0,1,0,0,0,1,22,13,0,0,1,2,13,285,4,0,24,0
memdump_20260517_200049_credscrape_teamtnt.raw,dumps_v2/pairs/credscrape_teamtnt/memdump_20260517_200049_credscrape_teamtnt.raw,0,0,0,0,0,0,0,0,0,0,1,0,1,28,13,0,0,1,2,12,264,4,0,24,0
memdump_20260517_200112_cryptominer_multistage.raw,dumps_v2/pairs/cryptominer_multistage/memdump_20260517_200112_cryptominer_multistage.raw,0,0,0,0,0,0,0,0,0,1,0,1,0,30,13,0,0,1,2,13,264,4,0,24,0
memdump_20260517_200124_cryptominer_orbit.raw,dumps_v2/pairs/cryptominer_orbit/memdump_20260517_200124_cryptominer_orbit.raw,0,0,1,0,0,0,0,0,0,1,0,0,0,21,13,0,0,1,2,17,264,4,0,24,0
memdump_20260517_200101_cryptominer_mirai.raw,dumps_v2/pairs/cryptominer_mirai/memdump_20260517_200101_cryptominer_mirai.raw,0,0,0,1,0,0,0,0,0,1,0,0,0,32,13,0,0,1,2,13,264,4,0,24,0
memdump_20260517_200135_cryptominer_reptile.raw,dumps_v2/pairs/cryptominer_reptile/memdump_20260517_200135_cryptominer_reptile.raw,0,0,0,0,0,1,0,0,0,1,0,0,0,25,14,0,0,1,2,14,265,4,0,24,0
memdump_20260517_200146_cryptominer_reverseshell.raw,dumps_v2/pairs/cryptominer_reverseshell/memdump_20260517_200146_cryptominer_reverseshell.raw,0,0,0,0,0,0,0,1,0,1,0,0,0,20,13,0,0,1,2,13,265,4,0,24,0
memdump_20260517_200157_cryptominer_rootkit.raw,dumps_v2/pairs/cryptominer_rootkit/memdump_20260517_200157_cryptominer_rootkit.raw,1,0,0,0,0,0,0,0,0,1,0,0,0,21,13,0,0,1,2,13,264,4,0,24,0
memdump_20260517_200220_cryptominer_syslogk.raw,dumps_v2/pairs/cryptominer_syslogk/memdump_20260517_200220_cryptominer_syslogk.raw,0,0,0,0,1,0,0,0,0,1,0,0,0,17,15,0,0,1,2,15,265,4,0,24,0
memdump_20260517_200209_cryptominer_skidmap.raw,dumps_v2/pairs/cryptominer_skidmap/memdump_20260517_200209_cryptominer_skidmap.raw,0,0,0,0,0,0,0,0,1,1,0,0,0,19,14,0,0,1,2,14,264,4,0,24,0
memdump_20260517_200231_cryptominer_teamtnt.raw,dumps_v2/pairs/cryptominer_teamtnt/memdump_20260517_200231_cryptominer_teamtnt.raw,0,0,0,0,0,0,0,0,0,1,1,0,0,18,14,0,0,1,2,13,264,4,0,24,0
memdump_20260517_200243_mirai_multistage.raw,dumps_v2/pairs/mirai_multistage/memdump_20260517_200243_mirai_multistage.raw,0,0,0,1,0,0,0,0,0,0,0,1,0,17,14,0,0,1,2,14,264,4,0,24,0
memdump_20260517_200306_mirai_reptile.raw,dumps_v2/pairs/mirai_reptile/memdump_20260517_200306_mirai_reptile.raw,0,0,0,1,0,1,0,0,0,0,0,0,0,15,17,0,0,1,2,17,265,4,0,24,0
memdump_20260517_200254_mirai_orbit.raw,dumps_v2/pairs/mirai_orbit/memdump_20260517_200254_mirai_orbit.raw,0,0,1,1,0,0,0,0,0,0,0,0,0,16,15,0,0,1,2,19,264,4,0,24,0
memdump_20260517_200317_mirai_reverseshell.raw,dumps_v2/pairs/mirai_reverseshell/memdump_20260517_200317_mirai_reverseshell.raw,0,0,0,1,0,0,0,1,0,0,0,0,0,14,17,0,0,1,2,17,265,4,0,24,0
memdump_20260517_200329_mirai_rootkit.raw,dumps_v2/pairs/mirai_rootkit/memdump_20260517_200329_mirai_rootkit.raw,1,0,0,1,0,0,0,0,0,0,0,0,0,17,18,0,0,1,2,18,264,4,0,24,0
memdump_20260517_200341_mirai_skidmap.raw,dumps_v2/pairs/mirai_skidmap/memdump_20260517_200341_mirai_skidmap.raw,0,0,0,1,0,0,0,0,1,0,0,0,0,18,20,0,0,1,2,20,264,4,0,24,0
memdump_20260517_200352_mirai_syslogk.raw,dumps_v2/pairs/mirai_syslogk/memdump_20260517_200352_mirai_syslogk.raw,0,0,0,1,1,0,0,0,0,0,0,0,0,19,22,0,0,1,2,22,265,4,0,24,0
memdump_20260517_200404_mirai_teamtnt.raw,dumps_v2/pairs/mirai_teamtnt/memdump_20260517_200404_mirai_teamtnt.raw,0,0,0,1,0,0,0,0,0,0,1,0,0,22,22,0,0,1,2,21,264,4,0,24,0
memdump_20260517_200416_multistage_orbit.raw,dumps_v2/pairs/multistage_orbit/memdump_20260517_200416_multistage_orbit.raw,0,0,1,0,0,0,0,0,0,0,0,1,0,18,21,0,0,1,2,26,276,5,0,24,0
memdump_20260517_200427_multistage_reptile.raw,dumps_v2/pairs/multistage_reptile/memdump_20260517_200427_multistage_reptile.raw,0,0,0,0,0,1,0,0,0,0,0,1,0,19,22,0,0,1,2,22,265,4,0,24,0
memdump_20260517_200438_multistage_reverseshell.raw,dumps_v2/pairs/multistage_reverseshell/memdump_20260517_200438_multistage_reverseshell.raw,0,0,0,0,0,0,0,1,0,0,0,1,0,19,21,0,0,1,2,21,265,4,0,24,0
memdump_20260517_200450_multistage_rootkit.raw,dumps_v2/pairs/multistage_rootkit/memdump_20260517_200450_multistage_rootkit.raw,1,0,0,0,0,0,0,0,0,0,0,1,0,19,21,0,0,1,2,21,276,5,0,24,0
memdump_20260517_200501_multistage_skidmap.raw,dumps_v2/pairs/multistage_skidmap/memdump_20260517_200501_multistage_skidmap.raw,0,0,0,0,0,0,0,0,1,0,0,1,0,21,22,0,0,1,2,22,264,4,0,24,0
memdump_20260517_200512_multistage_syslogk.raw,dumps_v2/pairs/multistage_syslogk/memdump_20260517_200512_multistage_syslogk.raw,0,0,0,0,1,0,0,0,0,0,0,1,0,21,23,0,0,1,2,23,265,4,0,24,0
memdump_20260517_200523_multistage_teamtnt.raw,dumps_v2/pairs/multistage_teamtnt/memdump_20260517_200523_multistage_teamtnt.raw,0,0,0,0,0,0,0,0,0,0,1,1,0,18,22,0,0,1,2,21,264,4,0,24,0
memdump_20260517_200535_orbit_reptile.raw,dumps_v2/pairs/orbit_reptile/memdump_20260517_200535_orbit_reptile.raw,0,0,1,0,0,1,0,0,0,0,0,0,0,18,22,0,0,1,2,27,265,4,0,24,0
memdump_20260517_200546_orbit_reverseshell.raw,dumps_v2/pairs/orbit_reverseshell/memdump_20260517_200546_orbit_reverseshell.raw,0,0,1,0,0,0,0,1,0,0,0,0,0,18,21,0,0,1,2,26,265,4,0,24,0
memdump_20260517_200558_orbit_rootkit.raw,dumps_v2/pairs/orbit_rootkit/memdump_20260517_200558_orbit_rootkit.raw,1,0,1,0,0,0,0,0,0,0,0,0,0,19,21,0,0,1,2,25,264,4,0,24,0
memdump_20260517_200610_orbit_skidmap.raw,dumps_v2/pairs/orbit_skidmap/memdump_20260517_200610_orbit_skidmap.raw,0,0,1,0,0,0,0,0,1,0,0,0,0,18,22,0,0,1,2,27,264,4,0,24,0
memdump_20260517_200621_orbit_syslogk.raw,dumps_v2/pairs/orbit_syslogk/memdump_20260517_200621_orbit_syslogk.raw,0,0,1,0,1,0,0,0,0,0,0,0,0,17,23,0,0,1,2,29,265,4,0,24,0
memdump_20260517_200633_orbit_teamtnt.raw,dumps_v2/pairs/orbit_teamtnt/memdump_20260517_200633_orbit_teamtnt.raw,0,0,1,0,0,0,0,0,0,0,1,0,0,18,22,0,0,1,2,26,264,4,0,24,0
memdump_20260517_200645_reptile_reverseshell.raw,dumps_v2/pairs/reptile_reverseshell/memdump_20260517_200645_reptile_reverseshell.raw,0,0,0,0,0,1,0,1,0,0,0,0,0,19,22,0,0,1,2,22,266,4,0,24,0
memdump_20260517_200657_reptile_rootkit.raw,dumps_v2/pairs/reptile_rootkit/memdump_20260517_200657_reptile_rootkit.raw,1,0,0,0,0,1,0,0,0,0,0,0,0,20,22,0,0,1,2,22,265,4,0,24,0
memdump_20260517_200708_reptile_skidmap.raw,dumps_v2/pairs/reptile_skidmap/memdump_20260517_200708_reptile_skidmap.raw,0,0,0,0,0,1,0,0,1,0,0,0,0,19,23,0,0,1,2,23,265,4,0,24,0
memdump_20260517_200720_reptile_syslogk.raw,dumps_v2/pairs/reptile_syslogk/memdump_20260517_200720_reptile_syslogk.raw,0,0,0,0,1,1,0,0,0,0,0,0,0,20,24,0,0,1,2,24,266,4,0,24,0
memdump_20260517_200732_reptile_teamtnt.raw,dumps_v2/pairs/reptile_teamtnt/memdump_20260517_200732_reptile_teamtnt.raw,0,0,0,0,0,1,0,0,0,0,1,0,0,24,23,0,0,1,2,22,265,4,0,24,0
memdump_20260517_200744_reverseshell_rootkit.raw,dumps_v2/pairs/reverseshell_rootkit/memdump_20260517_200744_reverseshell_rootkit.raw,1,0,0,0,0,0,0,1,0,0,0,0,0,25,21,0,0,1,2,21,265,4,0,24,0
memdump_20260517_200755_reverseshell_skidmap.raw,dumps_v2/pairs/reverseshell_skidmap/memdump_20260517_200755_reverseshell_skidmap.raw,0,0,0,0,0,0,0,1,1,0,0,0,0,25,22,0,0,1,2,22,265,4,0,24,0
memdump_20260517_200818_reverseshell_teamtnt.raw,dumps_v2/pairs/reverseshell_teamtnt/memdump_20260517_200818_reverseshell_teamtnt.raw,0,0,0,0,0,0,0,1,0,0,1,0,0,25,22,0,0,1,2,21,265,4,0,24,0
memdump_20260517_200807_reverseshell_syslogk.raw,dumps_v2/pairs/reverseshell_syslogk/memdump_20260517_200807_reverseshell_syslogk.raw,0,0,0,0,1,0,0,1,0,0,0,0,0,25,23,0,0,1,2,23,266,4,0,24,0
memdump_20260517_200830_rootkit_skidmap.raw,dumps_v2/pairs/rootkit_skidmap/memdump_20260517_200830_rootkit_skidmap.raw,1,0,0,0,0,0,0,0,1,0,0,0,0,26,22,0,0,1,2,22,264,4,0,24,0
memdump_20260517_200841_rootkit_syslogk.raw,dumps_v2/pairs/rootkit_syslogk/memdump_20260517_200841_rootkit_syslogk.raw,1,0,0,0,1,0,0,0,0,0,0,0,0,23,23,0,0,1,2,23,265,4,0,24,0
memdump_20260517_200853_rootkit_teamtnt.raw,dumps_v2/pairs/rootkit_teamtnt/memdump_20260517_200853_rootkit_teamtnt.raw,1,0,0,0,0,0,0,0,0,0,1,0,0,19,22,0,0,1,2,21,264,4,0,24,0
memdump_20260517_200905_skidmap_syslogk.raw,dumps_v2/pairs/skidmap_syslogk/memdump_20260517_200905_skidmap_syslogk.raw,0,0,0,0,1,0,0,0,1,0,0,0,0,17,24,0,0,1,2,24,265,4,0,24,0
memdump_20260517_200917_skidmap_teamtnt.raw,dumps_v2/pairs/skidmap_teamtnt/memdump_20260517_200917_skidmap_teamtnt.raw,0,0,0,0,0,0,0,0,1,0,1,0,0,17,23,0,0,1,2,22,276,5,0,24,0
memdump_20260517_200928_syslogk_teamtnt.raw,dumps_v2/pairs/syslogk_teamtnt/memdump_20260517_200928_syslogk_teamtnt.raw,0,0,0,0,1,0,0,0,0,0,1,0,0,20,24,0,0,1,2,23,265,4,0,24,0
memdump_20260517_193118_azazel.raw,dumps_v2/single/azazel/memdump_20260517_193118_azazel.raw,0,1,0,0,0,0,0,0,0,0,0,0,0,22,0,0,0,0,2,1,264,4,0,24,1
memdump_20260517_193400_azazel.raw,dumps_v2/single/azazel/memdump_20260517_193400_azazel.raw,0,1,0,0,0,0,0,0,0,0,0,0,0,21,1,0,0,1,2,2,264,4,0,24,1
memdump_20260517_193639_azazel.raw,dumps_v2/single/azazel/memdump_20260517_193639_azazel.raw,0,1,0,0,0,0,0,0,0,0,0,0,0,29,2,0,0,1,2,3,264,4,0,24,1
memdump_20260517_193914_azazel.raw,dumps_v2/single/azazel/memdump_20260517_193914_azazel.raw,0,1,0,0,0,0,0,0,0,0,0,0,0,22,3,0,0,1,2,4,264,4,0,24,1
memdump_20260517_194426_azazel.raw,dumps_v2/single/azazel/memdump_20260517_194426_azazel.raw,0,1,0,0,0,0,0,0,0,0,0,0,0,26,5,0,0,1,2,6,264,4,0,24,1
memdump_20260517_194150_azazel.raw,dumps_v2/single/azazel/memdump_20260517_194150_azazel.raw,0,1,0,0,0,0,0,0,0,0,0,0,0,26,4,0,0,1,2,5,264,4,0,24,1
memdump_20260517_194701_azazel.raw,dumps_v2/single/azazel/memdump_20260517_194701_azazel.raw,0,1,0,0,0,0,0,0,0,0,0,0,0,26,6,0,0,1,2,7,264,4,0,24,1
memdump_20260517_194936_azazel.raw,dumps_v2/single/azazel/memdump_20260517_194936_azazel.raw,0,1,0,0,0,0,0,0,0,0,0,0,0,22,7,0,0,1,2,8,264,4,0,24,1
memdump_20260517_195211_azazel.raw,dumps_v2/single/azazel/memdump_20260517_195211_azazel.raw,0,1,0,0,0,0,0,0,0,0,0,0,0,22,8,0,0,1,2,9,264,4,0,24,1
memdump_20260517_193130_bpfbackdoor.raw,dumps_v2/single/bpfbackdoor/memdump_20260517_193130_bpfbackdoor.raw,0,0,0,0,0,0,1,0,0,0,0,0,0,25,1,0,0,0,2,1,265,5,0,24,0
memdump_20260517_193412_bpfbackdoor.raw,dumps_v2/single/bpfbackdoor/memdump_20260517_193412_bpfbackdoor.raw,0,0,0,0,0,0,1,0,0,0,0,0,0,21,2,0,0,1,2,2,265,5,0,24,0
memdump_20260517_193650_bpfbackdoor.raw,dumps_v2/single/bpfbackdoor/memdump_20260517_193650_bpfbackdoor.raw,0,0,0,0,0,0,1,0,0,0,0,0,0,29,3,0,0,1,2,3,265,5,0,24,0
memdump_20260517_193926_bpfbackdoor.raw,dumps_v2/single/bpfbackdoor/memdump_20260517_193926_bpfbackdoor.raw,0,0,0,0,0,0,1,0,0,0,0,0,0,22,4,0,0,1,2,4,265,5,0,24,0
memdump_20260517_194202_bpfbackdoor.raw,dumps_v2/single/bpfbackdoor/memdump_20260517_194202_bpfbackdoor.raw,0,0,0,0,0,0,1,0,0,0,0,0,0,26,5,0,0,1,2,5,265,5,0,24,0
memdump_20260517_194438_bpfbackdoor.raw,dumps_v2/single/bpfbackdoor/memdump_20260517_194438_bpfbackdoor.raw,0,0,0,0,0,0,1,0,0,0,0,0,0,26,6,0,0,1,2,6,265,5,0,24,0
memdump_20260517_194713_bpfbackdoor.raw,dumps_v2/single/bpfbackdoor/memdump_20260517_194713_bpfbackdoor.raw,0,0,0,0,0,0,1,0,0,0,0,0,0,27,7,0,0,1,2,7,265,5,0,24,0
memdump_20260517_194947_bpfbackdoor.raw,dumps_v2/single/bpfbackdoor/memdump_20260517_194947_bpfbackdoor.raw,0,0,0,0,0,0,1,0,0,0,0,0,0,22,8,0,0,1,2,8,265,5,0,24,0
memdump_20260517_195223_bpfbackdoor.raw,dumps_v2/single/bpfbackdoor/memdump_20260517_195223_bpfbackdoor.raw,0,0,0,0,0,0,1,0,0,0,0,0,0,22,9,0,0,1,2,9,265,5,0,24,0
memdump_20260517_193142_credscrape.raw,dumps_v2/single/credscrape/memdump_20260517_193142_credscrape.raw,0,0,0,0,0,0,0,0,0,0,0,0,1,23,0,0,0,0,2,-1,264,4,0,24,0
memdump_20260517_193423_credscrape.raw,dumps_v2/single/credscrape/memdump_20260517_193423_credscrape.raw,0,0,0,0,0,0,0,0,0,0,0,0,1,21,1,0,0,1,2,1,264,4,0,24,0
memdump_20260517_193702_credscrape.raw,dumps_v2/single/credscrape/memdump_20260517_193702_credscrape.raw,0,0,0,0,0,0,0,0,0,0,0,0,1,29,2,0,0,1,2,2,264,4,0,24,0
memdump_20260517_193937_credscrape.raw,dumps_v2/single/credscrape/memdump_20260517_193937_credscrape.raw,0,0,0,0,0,0,0,0,0,0,0,0,1,22,3,0,0,1,2,3,264,4,0,24,0
memdump_20260517_194213_credscrape.raw,dumps_v2/single/credscrape/memdump_20260517_194213_credscrape.raw,0,0,0,0,0,0,0,0,0,0,0,0,1,28,4,0,0,1,2,4,264,4,0,24,0
memdump_20260517_194449_credscrape.raw,dumps_v2/single/credscrape/memdump_20260517_194449_credscrape.raw,0,0,0,0,0,0,0,0,0,0,0,0,1,20,5,0,0,1,2,5,264,4,0,24,0
memdump_20260517_194724_credscrape.raw,dumps_v2/single/credscrape/memdump_20260517_194724_credscrape.raw,0,0,0,0,0,0,0,0,0,0,0,0,1,26,6,0,0,1,2,6,264,4,0,24,0
memdump_20260517_194958_credscrape.raw,dumps_v2/single/credscrape/memdump_20260517_194958_credscrape.raw,0,0,0,0,0,0,0,0,0,0,0,0,1,21,7,0,0,1,2,7,276,5,0,24,0
memdump_20260517_195234_credscrape.raw,dumps_v2/single/credscrape/memdump_20260517_195234_credscrape.raw,0,0,0,0,0,0,0,0,0,0,0,0,1,22,8,0,0,1,2,8,264,4,0,24,0
memdump_20260517_193154_cryptominer.raw,dumps_v2/single/cryptominer/memdump_20260517_193154_cryptominer.raw,0,0,0,0,0,0,0,0,0,1,0,0,0,25,0,0,0,0,2,-1,264,4,0,24,0
memdump_20260517_193435_cryptominer.raw,dumps_v2/single/cryptominer/memdump_20260517_193435_cryptominer.raw,0,0,0,0,0,0,0,0,0,1,0,0,0,21,1,0,0,1,2,1,264,4,0,24,0
memdump_20260517_193713_cryptominer.raw,dumps_v2/single/cryptominer/memdump_20260517_193713_cryptominer.raw,0,0,0,0,0,0,0,0,0,1,0,0,0,28,2,0,0,1,2,2,264,4,0,24,0
memdump_20260517_193949_cryptominer.raw,dumps_v2/single/cryptominer/memdump_20260517_193949_cryptominer.raw,0,0,0,0,0,0,0,0,0,1,0,0,0,22,3,0,0,1,2,3,264,4,0,24,0
memdump_20260517_194225_cryptominer.raw,dumps_v2/single/cryptominer/memdump_20260517_194225_cryptominer.raw,0,0,0,0,0,0,0,0,0,1,0,0,0,29,4,0,0,1,2,4,264,4,0,24,0
memdump_20260517_194501_cryptominer.raw,dumps_v2/single/cryptominer/memdump_20260517_194501_cryptominer.raw,0,0,0,0,0,0,0,0,0,1,0,0,0,20,5,0,0,1,2,5,264,4,0,24,0
memdump_20260517_194736_cryptominer.raw,dumps_v2/single/cryptominer/memdump_20260517_194736_cryptominer.raw,0,0,0,0,0,0,0,0,0,1,0,0,0,28,6,0,0,1,2,6,264,4,0,24,0
memdump_20260517_195010_cryptominer.raw,dumps_v2/single/cryptominer/memdump_20260517_195010_cryptominer.raw,0,0,0,0,0,0,0,0,0,1,0,0,0,22,7,0,0,1,2,7,264,4,0,24,0
memdump_20260517_195246_cryptominer.raw,dumps_v2/single/cryptominer/memdump_20260517_195246_cryptominer.raw,0,0,0,0,0,0,0,0,0,1,0,0,0,22,8,0,0,1,2,8,264,4,0,24,0
memdump_20260517_193205_mirai.raw,dumps_v2/single/mirai/memdump_20260517_193205_mirai.raw,0,0,0,1,0,0,0,0,0,0,0,0,0,25,1,0,0,0,2,1,264,4,0,24,0
memdump_20260517_193447_mirai.raw,dumps_v2/single/mirai/memdump_20260517_193447_mirai.raw,0,0,0,1,0,0,0,0,0,0,0,0,0,21,2,0,0,1,2,2,264,4,0,24,0
memdump_20260517_193724_mirai.raw,dumps_v2/single/mirai/memdump_20260517_193724_mirai.raw,0,0,0,1,0,0,0,0,0,0,0,0,0,28,3,0,0,1,2,3,264,4,0,24,0
memdump_20260517_194000_mirai.raw,dumps_v2/single/mirai/memdump_20260517_194000_mirai.raw,0,0,0,1,0,0,0,0,0,0,0,0,0,21,4,0,0,1,2,4,264,4,0,24,0
memdump_20260517_194236_mirai.raw,dumps_v2/single/mirai/memdump_20260517_194236_mirai.raw,0,0,0,1,0,0,0,0,0,0,0,0,0,30,5,0,0,1,2,5,264,4,0,24,0
memdump_20260517_194512_mirai.raw,dumps_v2/single/mirai/memdump_20260517_194512_mirai.raw,0,0,0,1,0,0,0,0,0,0,0,0,0,21,6,0,0,1,2,6,264,4,0,24,0
memdump_20260517_194747_mirai.raw,dumps_v2/single/mirai/memdump_20260517_194747_mirai.raw,0,0,0,1,0,0,0,0,0,0,0,0,0,27,7,0,0,1,2,7,276,5,0,24,0
memdump_20260517_195021_mirai.raw,dumps_v2/single/mirai/memdump_20260517_195021_mirai.raw,0,0,0,1,0,0,0,0,0,0,0,0,0,22,8,0,0,1,2,8,264,4,0,24,0
memdump_20260517_195257_mirai.raw,dumps_v2/single/mirai/memdump_20260517_195257_mirai.raw,0,0,0,1,0,0,0,0,0,0,0,0,0,22,9,0,0,1,2,9,264,4,0,24,0
memdump_20260517_193217_multistage.raw,dumps_v2/single/multistage/memdump_20260517_193217_multistage.raw,0,0,0,0,0,0,0,0,0,0,0,1,0,23,1,0,0,0,2,1,264,4,0,24,0
memdump_20260517_193458_multistage.raw,dumps_v2/single/multistage/memdump_20260517_193458_multistage.raw,0,0,0,0,0,0,0,0,0,0,0,1,0,19,2,0,0,1,2,2,264,4,0,24,0
memdump_20260517_193735_multistage.raw,dumps_v2/single/multistage/memdump_20260517_193735_multistage.raw,0,0,0,0,0,0,0,0,0,0,0,1,0,26,3,0,0,1,2,3,264,4,0,24,0
memdump_20260517_194012_multistage.raw,dumps_v2/single/multistage/memdump_20260517_194012_multistage.raw,0,0,0,0,0,0,0,0,0,0,0,1,0,19,4,0,0,1,2,4,264,4,0,24,0
memdump_20260517_194248_multistage.raw,dumps_v2/single/multistage/memdump_20260517_194248_multistage.raw,0,0,0,0,0,0,0,0,0,0,0,1,0,24,5,0,0,1,2,5,264,4,0,24,0
memdump_20260517_194523_multistage.raw,dumps_v2/single/multistage/memdump_20260517_194523_multistage.raw,0,0,0,0,0,0,0,0,0,0,0,1,0,19,6,0,0,1,2,6,264,4,0,24,0
memdump_20260517_194759_multistage.raw,dumps_v2/single/multistage/memdump_20260517_194759_multistage.raw,0,0,0,0,0,0,0,0,0,0,0,1,0,25,7,0,0,1,2,7,264,4,0,24,0
memdump_20260517_195032_multistage.raw,dumps_v2/single/multistage/memdump_20260517_195032_multistage.raw,0,0,0,0,0,0,0,0,0,0,0,1,0,20,8,0,0,1,2,8,264,4,0,24,0
memdump_20260517_195308_multistage.raw,dumps_v2/single/multistage/memdump_20260517_195308_multistage.raw,0,0,0,0,0,0,0,0,0,0,0,1,0,20,9,0,0,1,2,9,264,4,0,24,0
memdump_20260517_193229_orbit.raw,dumps_v2/single/orbit/memdump_20260517_193229_orbit.raw,0,0,1,0,0,0,0,0,0,0,0,0,0,23,1,0,0,0,2,5,264,4,0,24,0
memdump_20260517_193510_orbit.raw,dumps_v2/single/orbit/memdump_20260517_193510_orbit.raw,0,0,1,0,0,0,0,0,0,0,0,0,0,19,2,0,0,1,2,6,264,4,0,24,0
memdump_20260517_193746_orbit.raw,dumps_v2/single/orbit/memdump_20260517_193746_orbit.raw,0,0,1,0,0,0,0,0,0,0,0,0,0,26,3,0,0,1,2,7,264,4,0,24,0
memdump_20260517_194023_orbit.raw,dumps_v2/single/orbit/memdump_20260517_194023_orbit.raw,0,0,1,0,0,0,0,0,0,0,0,0,0,20,4,0,0,1,2,8,264,4,0,24,0
memdump_20260517_194259_orbit.raw,dumps_v2/single/orbit/memdump_20260517_194259_orbit.raw,0,0,1,0,0,0,0,0,0,0,0,0,0,24,5,0,0,1,2,9,264,4,0,24,0
memdump_20260517_194535_orbit.raw,dumps_v2/single/orbit/memdump_20260517_194535_orbit.raw,0,0,1,0,0,0,0,0,0,0,0,0,0,16,6,0,0,1,2,-1,276,5,0,24,-1
memdump_20260517_194810_orbit.raw,dumps_v2/single/orbit/memdump_20260517_194810_orbit.raw,0,0,1,0,0,0,0,0,0,0,0,0,0,25,7,0,0,1,2,11,264,4,0,24,0
memdump_20260517_195320_orbit.raw,dumps_v2/single/orbit/memdump_20260517_195320_orbit.raw,0,0,1,0,0,0,0,0,0,0,0,0,0,20,9,0,0,1,2,13,264,4,0,24,0
memdump_20260517_195043_orbit.raw,dumps_v2/single/orbit/memdump_20260517_195043_orbit.raw,0,0,1,0,0,0,0,0,0,0,0,0,0,20,8,0,0,1,2,12,264,4,0,24,0
memdump_20260517_193241_reptile.raw,dumps_v2/single/reptile/memdump_20260517_193241_reptile.raw,0,0,0,0,0,1,0,0,0,0,0,0,0,21,2,0,0,0,2,2,265,4,0,24,0
memdump_20260517_193758_reptile.raw,dumps_v2/single/reptile/memdump_20260517_193758_reptile.raw,0,0,0,0,0,1,0,0,0,0,0,0,0,27,4,0,0,1,2,4,265,4,0,24,0
memdump_20260517_193522_reptile.raw,dumps_v2/single/reptile/memdump_20260517_193522_reptile.raw,0,0,0,0,0,1,0,0,0,0,0,0,0,25,3,0,0,1,2,3,265,4,0,24,0
memdump_20260517_194311_reptile.raw,dumps_v2/single/reptile/memdump_20260517_194311_reptile.raw,0,0,0,0,0,1,0,0,0,0,0,0,0,24,6,0,0,1,2,6,265,4,0,24,0
memdump_20260517_194035_reptile.raw,dumps_v2/single/reptile/memdump_20260517_194035_reptile.raw,0,0,0,0,0,1,0,0,0,0,0,0,0,20,5,0,0,1,2,5,265,4,0,24,0
memdump_20260517_194546_reptile.raw,dumps_v2/single/reptile/memdump_20260517_194546_reptile.raw,0,0,0,0,0,1,0,0,0,0,0,0,0,22,7,0,0,1,2,7,277,5,0,24,0
memdump_20260517_195055_reptile.raw,dumps_v2/single/reptile/memdump_20260517_195055_reptile.raw,0,0,0,0,0,1,0,0,0,0,0,0,0,21,9,0,0,1,2,9,265,4,0,24,0
memdump_20260517_194821_reptile.raw,dumps_v2/single/reptile/memdump_20260517_194821_reptile.raw,0,0,0,0,0,1,0,0,0,0,0,0,0,26,8,0,0,1,2,8,265,4,0,24,0
memdump_20260517_195331_reptile.raw,dumps_v2/single/reptile/memdump_20260517_195331_reptile.raw,0,0,0,0,0,1,0,0,0,0,0,0,0,22,10,0,0,1,2,10,265,4,0,24,0
memdump_20260517_193253_reverseshell.raw,dumps_v2/single/reverseshell/memdump_20260517_193253_reverseshell.raw,0,0,0,0,0,0,0,1,0,0,0,0,0,24,1,0,0,0,2,1,265,4,0,24,0
memdump_20260517_193809_reverseshell.raw,dumps_v2/single/reverseshell/memdump_20260517_193809_reverseshell.raw,0,0,0,0,0,0,0,1,0,0,0,0,0,27,3,0,0,1,2,3,265,4,0,24,0
memdump_20260517_193534_reverseshell.raw,dumps_v2/single/reverseshell/memdump_20260517_193534_reverseshell.raw,0,0,0,0,0,0,0,1,0,0,0,0,0,25,2,0,0,1,2,2,265,4,0,24,0
memdump_20260517_194046_reverseshell.raw,dumps_v2/single/reverseshell/memdump_20260517_194046_reverseshell.raw,0,0,0,0,0,0,0,1,0,0,0,0,0,20,4,0,0,1,2,4,265,4,0,24,0
memdump_20260517_194322_reverseshell.raw,dumps_v2/single/reverseshell/memdump_20260517_194322_reverseshell.raw,0,0,0,0,0,0,0,1,0,0,0,0,0,24,5,0,0,1,2,5,265,4,0,24,0
memdump_20260517_194558_reverseshell.raw,dumps_v2/single/reverseshell/memdump_20260517_194558_reverseshell.raw,0,0,0,0,0,0,0,1,0,0,0,0,0,21,6,0,0,1,2,6,277,5,0,24,0
memdump_20260517_194832_reverseshell.raw,dumps_v2/single/reverseshell/memdump_20260517_194832_reverseshell.raw,0,0,0,0,0,0,0,1,0,0,0,0,0,31,7,0,0,1,2,7,265,4,0,24,0
memdump_20260517_195343_reverseshell.raw,dumps_v2/single/reverseshell/memdump_20260517_195343_reverseshell.raw,0,0,0,0,0,0,0,1,0,0,0,0,0,21,9,0,0,1,2,9,265,4,0,24,0
memdump_20260517_195107_reverseshell.raw,dumps_v2/single/reverseshell/memdump_20260517_195107_reverseshell.raw,0,0,0,0,0,0,0,1,0,0,0,0,0,20,8,0,0,1,2,8,265,4,0,24,0
memdump_20260517_193546_rootkit.raw,dumps_v2/single/rootkit/memdump_20260517_193546_rootkit.raw,1,0,0,0,0,0,0,0,0,0,0,0,0,27,2,0,0,1,2,2,264,4,0,24,0
memdump_20260517_193305_rootkit.raw,dumps_v2/single/rootkit/memdump_20260517_193305_rootkit.raw,1,0,0,0,0,0,0,0,0,0,0,0,0,22,1,0,0,1,2,1,264,4,0,24,0
memdump_20260517_193821_rootkit.raw,dumps_v2/single/rootkit/memdump_20260517_193821_rootkit.raw,1,0,0,0,0,0,0,0,0,0,0,0,0,29,3,0,0,1,2,3,264,4,0,24,0
memdump_20260517_194057_rootkit.raw,dumps_v2/single/rootkit/memdump_20260517_194057_rootkit.raw,1,0,0,0,0,0,0,0,0,0,0,0,0,21,4,0,0,1,2,4,264,4,0,24,0
memdump_20260517_194334_rootkit.raw,dumps_v2/single/rootkit/memdump_20260517_194334_rootkit.raw,1,0,0,0,0,0,0,0,0,0,0,0,0,24,5,0,0,1,2,5,264,4,0,24,0
memdump_20260517_194609_rootkit.raw,dumps_v2/single/rootkit/memdump_20260517_194609_rootkit.raw,1,0,0,0,0,0,0,0,0,0,0,0,0,22,6,0,0,1,2,6,276,5,0,24,0
memdump_20260517_195119_rootkit.raw,dumps_v2/single/rootkit/memdump_20260517_195119_rootkit.raw,1,0,0,0,0,0,0,0,0,0,0,0,0,22,8,0,0,1,2,8,264,4,0,24,0
memdump_20260517_195354_rootkit.raw,dumps_v2/single/rootkit/memdump_20260517_195354_rootkit.raw,1,0,0,0,0,0,0,0,0,0,0,0,0,22,9,0,0,1,2,9,264,4,0,24,0
memdump_20260517_194844_rootkit.raw,dumps_v2/single/rootkit/memdump_20260517_194844_rootkit.raw,1,0,0,0,0,0,0,0,0,0,0,0,0,32,7,0,0,1,2,7,264,4,0,24,0
memdump_20260517_193317_skidmap.raw,dumps_v2/single/skidmap/memdump_20260517_193317_skidmap.raw,0,0,0,0,0,0,0,0,1,0,0,0,0,21,2,0,0,1,2,2,264,4,0,24,0
memdump_20260517_193833_skidmap.raw,dumps_v2/single/skidmap/memdump_20260517_193833_skidmap.raw,0,0,0,0,0,0,0,0,1,0,0,0,0,28,4,0,0,1,2,4,264,4,0,24,0
memdump_20260517_193558_skidmap.raw,dumps_v2/single/skidmap/memdump_20260517_193558_skidmap.raw,0,0,0,0,0,0,0,0,1,0,0,0,0,28,3,0,0,1,2,3,264,4,0,24,0
memdump_20260517_194109_skidmap.raw,dumps_v2/single/skidmap/memdump_20260517_194109_skidmap.raw,0,0,0,0,0,0,0,0,1,0,0,0,0,19,5,0,0,1,2,5,264,4,0,24,0
memdump_20260517_194345_skidmap.raw,dumps_v2/single/skidmap/memdump_20260517_194345_skidmap.raw,0,0,0,0,0,0,0,0,1,0,0,0,0,23,6,0,0,1,2,6,264,4,0,24,0
memdump_20260517_194621_skidmap.raw,dumps_v2/single/skidmap/memdump_20260517_194621_skidmap.raw,0,0,0,0,0,0,0,0,1,0,0,0,0,20,7,0,0,1,2,7,264,4,0,24,0
memdump_20260517_195130_skidmap.raw,dumps_v2/single/skidmap/memdump_20260517_195130_skidmap.raw,0,0,0,0,0,0,0,0,1,0,0,0,0,21,9,0,0,1,2,9,264,4,0,24,0
memdump_20260517_194855_skidmap.raw,dumps_v2/single/skidmap/memdump_20260517_194855_skidmap.raw,0,0,0,0,0,0,0,0,1,0,0,0,0,31,8,0,0,1,2,8,264,4,0,24,0
memdump_20260517_195406_skidmap.raw,dumps_v2/single/skidmap/memdump_20260517_195406_skidmap.raw,0,0,0,0,0,0,0,0,1,0,0,0,0,20,10,0,0,1,2,10,276,5,0,24,0
memdump_20260517_193609_syslogk.raw,dumps_v2/single/syslogk/memdump_20260517_193609_syslogk.raw,0,0,0,0,1,0,0,0,0,0,0,0,0,26,4,0,0,1,2,4,265,4,0,24,0
memdump_20260517_193328_syslogk.raw,dumps_v2/single/syslogk/memdump_20260517_193328_syslogk.raw,0,0,0,0,1,0,0,0,0,0,0,0,0,21,3,0,0,1,2,3,265,4,0,24,0
memdump_20260517_193844_syslogk.raw,dumps_v2/single/syslogk/memdump_20260517_193844_syslogk.raw,0,0,0,0,1,0,0,0,0,0,0,0,0,27,5,0,0,1,2,5,265,4,0,24,0
memdump_20260517_194356_syslogk.raw,dumps_v2/single/syslogk/memdump_20260517_194356_syslogk.raw,0,0,0,0,1,0,0,0,0,0,0,0,0,22,7,0,0,1,2,7,265,4,0,24,0
memdump_20260517_194121_syslogk.raw,dumps_v2/single/syslogk/memdump_20260517_194121_syslogk.raw,0,0,0,0,1,0,0,0,0,0,0,0,0,22,6,0,0,1,2,6,265,4,0,24,0
memdump_20260517_194632_syslogk.raw,dumps_v2/single/syslogk/memdump_20260517_194632_syslogk.raw,0,0,0,0,1,0,0,0,0,0,0,0,0,23,8,0,0,1,2,8,265,4,0,24,0
memdump_20260517_194907_syslogk.raw,dumps_v2/single/syslogk/memdump_20260517_194907_syslogk.raw,0,0,0,0,1,0,0,0,0,0,0,0,0,30,9,0,0,1,2,9,265,4,0,24,0
memdump_20260517_195142_syslogk.raw,dumps_v2/single/syslogk/memdump_20260517_195142_syslogk.raw,0,0,0,0,1,0,0,0,0,0,0,0,0,20,10,0,0,1,2,10,265,4,0,24,0
memdump_20260517_195417_syslogk.raw,dumps_v2/single/syslogk/memdump_20260517_195417_syslogk.raw,0,0,0,0,1,0,0,0,0,0,0,0,0,22,11,0,0,1,2,11,277,5,0,24,0
memdump_20260517_193340_teamtnt.raw,dumps_v2/single/teamtnt/memdump_20260517_193340_teamtnt.raw,0,0,0,0,0,0,0,0,0,0,1,0,0,21,2,0,0,1,2,1,264,4,0,24,0
memdump_20260517_193621_teamtnt.raw,dumps_v2/single/teamtnt/memdump_20260517_193621_teamtnt.raw,0,0,0,0,0,0,0,0,0,0,1,0,0,29,3,0,0,1,2,2,264,4,0,24,0
memdump_20260517_193856_teamtnt.raw,dumps_v2/single/teamtnt/memdump_20260517_193856_teamtnt.raw,0,0,0,0,0,0,0,0,0,0,1,0,0,29,4,0,0,1,2,3,264,4,0,24,0
memdump_20260517_194132_teamtnt.raw,dumps_v2/single/teamtnt/memdump_20260517_194132_teamtnt.raw,0,0,0,0,0,0,0,0,0,0,1,0,0,26,5,0,0,1,2,4,264,4,0,24,0
memdump_20260517_194644_teamtnt.raw,dumps_v2/single/teamtnt/memdump_20260517_194644_teamtnt.raw,0,0,0,0,0,0,0,0,0,0,1,0,0,23,7,0,0,1,2,6,276,5,0,24,0
memdump_20260517_194408_teamtnt.raw,dumps_v2/single/teamtnt/memdump_20260517_194408_teamtnt.raw,0,0,0,0,0,0,0,0,0,0,1,0,0,26,6,0,0,1,2,5,264,4,0,24,0
memdump_20260517_194918_teamtnt.raw,dumps_v2/single/teamtnt/memdump_20260517_194918_teamtnt.raw,0,0,0,0,0,0,0,0,0,0,1,0,0,23,8,0,0,1,2,7,264,4,0,24,0
memdump_20260517_195153_teamtnt.raw,dumps_v2/single/teamtnt/memdump_20260517_195153_teamtnt.raw,0,0,0,0,0,0,0,0,0,0,1,0,0,22,9,0,0,1,2,8,264,4,0,24,0
memdump_20260517_195429_teamtnt.raw,dumps_v2/single/teamtnt/memdump_20260517_195429_teamtnt.raw,0,0,0,0,0,0,0,0,0,0,1,0,0,24,10,0,0,1,2,9,264,4,0,24,0
memdump_aug_00001_clean.raw,dumps_v2/clean/augmented/memdump_aug_00001_clean.raw,0,0,0,0,0,0,0,0,0,0,0,0,0,22,1,0,0,1,2,1,264,4,0,24,0
memdump_aug_00002_clean.raw,dumps_v2/clean/augmented/memdump_aug_00002_clean.raw,0,0,0,0,0,0,0,0,0,0,0,0,0,23,2,0,0,1,2,2,264,4,0,24,0
memdump_aug_00003_clean.raw,dumps_v2/clean/augmented/memdump_aug_00003_clean.raw,0,0,0,0,0,0,0,0,0,0,0,0,0,24,3,0,0,1,2,3,264,4,0,24,0
memdump_aug_00004_clean.raw,dumps_v2/clean/augmented/memdump_aug_00004_clean.raw,0,0,0,0,0,0,0,0,0,0,0,0,0,25,4,0,0,1,2,4,264,4,0,24,0
memdump_aug_00005_clean.raw,dumps_v2/clean/augmented/memdump_aug_00005_clean.raw,0,0,0,0,0,0,0,0,0,0,0,0,0,26,5,0,0,1,2,5,264,4,0,24,0
memdump_aug_00006_clean.raw,dumps_v2/clean/augmented/memdump_aug_00006_clean.raw,0,0,0,0,0,0,0,0,0,0,0,0,0,27,6,0,0,1,2,6,264,4,0,24,0
memdump_aug_00007_clean.raw,dumps_v2/clean/augmented/memdump_aug_00007_clean.raw,0,0,0,0,0,0,0,0,0,0,0,0,0,28,7,0,0,1,2,7,264,4,0,24,0
memdump_aug_00008_clean.raw,dumps_v2/clean/augmented/memdump_aug_00008_clean.raw,0,0,0,0,0,0,0,0,0,0,0,0,0,29,8,0,0,1,2,8,264,4,0,24,0
memdump_aug_00009_clean.raw,dumps_v2/clean/augmented/memdump_aug_00009_clean.raw,0,0,0,0,0,0,0,0,0,0,0,0,0,30,0,0,0,1,2,1,264,4,0,24,0
memdump_aug_00010_clean.raw,dumps_v2/clean/augmented/memdump_aug_00010_clean.raw,0,0,0,0,0,0,0,0,0,0,0,0,0,22,1,0,0,1,2,2,264,4,0,24,0
memdump_aug_00011_clean.raw,dumps_v2/clean/augmented/memdump_aug_00011_clean.raw,0,0,0,0,0,0,0,0,0,0,0,0,0,23,2,0,0,1,2,3,264,4,0,24,0
memdump_aug_00012_clean.raw,dumps_v2/clean/augmented/memdump_aug_00012_clean.raw,0,0,0,0,0,0,0,0,0,0,0,0,0,24,3,0,0,1,2,4,264,4,0,24,0
memdump_aug_00013_clean.raw,dumps_v2/clean/augmented/memdump_aug_00013_clean.raw,0,0,0,0,0,0,0,0,0,0,0,0,0,25,4,0,0,1,2,5,264,4,0,24,0
memdump_aug_00014_clean.raw,dumps_v2/clean/augmented/memdump_aug_00014_clean.raw,0,0,0,0,0,0,0,0,0,0,0,0,0,26,5,0,0,1,2,6,264,4,0,24,0
memdump_aug_00015_clean.raw,dumps_v2/clean/augmented/memdump_aug_00015_clean.raw,0,0,0,0,0,0,0,0,0,0,0,0,0,27,6,0,0,1,2,7,264,4,0,24,0
memdump_aug_00016_clean.raw,dumps_v2/clean/augmented/memdump_aug_00016_clean.raw,0,0,0,0,0,0,0,0,0,0,0,0,0,28,7,0,0,1,2,8,264,4,0,24,0
memdump_aug_00017_clean.raw,dumps_v2/clean/augmented/memdump_aug_00017_clean.raw,0,0,0,0,0,0,0,0,0,0,0,0,0,29,8,0,0,1,2,1,264,4,0,24,0
memdump_aug_00018_clean.raw,dumps_v2/clean/augmented/memdump_aug_00018_clean.raw,0,0,0,0,0,0,0,0,0,0,0,0,0,30,0,0,0,1,2,2,264,4,0,24,0
memdump_aug_00019_clean.raw,dumps_v2/clean/augmented/memdump_aug_00019_clean.raw,0,0,0,0,0,0,0,0,0,0,0,0,0,22,1,0,0,1,2,3,264,4,0,24,0
memdump_aug_00020_clean.raw,dumps_v2/clean/augmented/memdump_aug_00020_clean.raw,0,0,0,0,0,0,0,0,0,0,0,0,0,23,2,0,0,1,2,4,264,4,0,24,0
memdump_aug_00021_clean.raw,dumps_v2/clean/augmented/memdump_aug_00021_clean.raw,0,0,0,0,0,0,0,0,0,0,0,0,0,24,3,0,0,1,2,5,264,4,0,24,0
memdump_aug_00022_clean.raw,dumps_v2/clean/augmented/memdump_aug_00022_clean.raw,0,0,0,0,0,0,0,0,0,0,0,0,0,25,4,0,0,1,2,6,264,4,0,24,0
memdump_aug_00023_clean.raw,dumps_v2/clean/augmented/memdump_aug_00023_clean.raw,0,0,0,0,0,0,0,0,0,0,0,0,0,26,5,0,0,1,2,7,264,4,0,24,0
memdump_aug_00024_clean.raw,dumps_v2/clean/augmented/memdump_aug_00024_clean.raw,0,0,0,0,0,0,0,0,0,0,0,0,0,27,6,0,0,1,2,8,264,4,0,24,0
memdump_aug_00025_clean.raw,dumps_v2/clean/augmented/memdump_aug_00025_clean.raw,0,0,0,0,0,0,0,0,0,0,0,0,0,28,7,0,0,1,2,1,264,4,0,24,0
memdump_aug_00026_clean.raw,dumps_v2/clean/augmented/memdump_aug_00026_clean.raw,0,0,0,0,0,0,0,0,0,0,0,0,0,29,8,0,0,1,2,2,264,4,0,24,0
memdump_aug_00027_clean.raw,dumps_v2/clean/augmented/memdump_aug_00027_clean.raw,0,0,0,0,0,0,0,0,0,0,0,0,0,30,0,0,0,1,2,3,264,4,0,24,0
memdump_aug_00028_clean.raw,dumps_v2/clean/augmented/memdump_aug_00028_clean.raw,0,0,0,0,0,0,0,0,0,0,0,0,0,22,1,0,0,1,2,4,264,4,0,24,0
memdump_aug_00029_clean.raw,dumps_v2/clean/augmented/memdump_aug_00029_clean.raw,0,0,0,0,0,0,0,0,0,0,0,0,0,23,2,0,0,1,2,5,264,4,0,24,0
memdump_aug_00030_clean.raw,dumps_v2/clean/augmented/memdump_aug_00030_clean.raw,0,0,0,0,0,0,0,0,0,0,0,0,0,24,3,0,0,1,2,6,264,4,0,24,0
memdump_aug_00031_clean.raw,dumps_v2/clean/augmented/memdump_aug_00031_clean.raw,0,0,0,0,0,0,0,0,0,0,0,0,0,25,4,0,0,1,2,7,264,4,0,24,0
memdump_aug_00032_clean.raw,dumps_v2/clean/augmented/memdump_aug_00032_clean.raw,0,0,0,0,0,0,0,0,0,0,0,0,0,26,5,0,0,1,2,8,264,4,0,24,0
memdump_aug_00033_clean.raw,dumps_v2/clean/augmented/memdump_aug_00033_clean.raw,0,0,0,0,0,0,0,0,0,0,0,0,0,27,6,0,0,1,2,1,264,4,0,24,0
memdump_aug_00034_clean.raw,dumps_v2/clean/augmented/memdump_aug_00034_clean.raw,0,0,0,0,0,0,0,0,0,0,0,0,0,28,7,0,0,1,2,2,264,4,0,24,0
memdump_aug_00035_clean.raw,dumps_v2/clean/augmented/memdump_aug_00035_clean.raw,0,0,0,0,0,0,0,0,0,0,0,0,0,29,8,0,0,1,2,3,264,4,0,24,0
memdump_aug_00036_clean.raw,dumps_v2/clean/augmented/memdump_aug_00036_clean.raw,0,0,0,0,0,0,0,0,0,0,0,0,0,30,0,0,0,1,2,4,264,4,0,24,0
memdump_aug_00037_clean.raw,dumps_v2/clean/augmented/memdump_aug_00037_clean.raw,0,0,0,0,0,0,0,0,0,0,0,0,0,22,1,0,0,1,2,5,264,4,0,24,0
memdump_aug_00038_clean.raw,dumps_v2/clean/augmented/memdump_aug_00038_clean.raw,0,0,0,0,0,0,0,0,0,0,0,0,0,23,2,0,0,1,2,6,264,4,0,24,0
memdump_aug_00039_clean.raw,dumps_v2/clean/augmented/memdump_aug_00039_clean.raw,0,0,0,0,0,0,0,0,0,0,0,0,0,24,3,0,0,1,2,7,264,4,0,24,0
memdump_aug_00040_clean.raw,dumps_v2/clean/augmented/memdump_aug_00040_clean.raw,0,0,0,0,0,0,0,0,0,0,0,0,0,25,4,0,0,1,2,8,264,4,0,24,0
memdump_aug_00041_clean.raw,dumps_v2/clean/augmented/memdump_aug_00041_clean.raw,0,0,0,0,0,0,0,0,0,0,0,0,0,26,5,0,0,1,2,1,264,4,0,24,0
memdump_aug_00042_clean.raw,dumps_v2/clean/augmented/memdump_aug_00042_clean.raw,0,0,0,0,0,0,0,0,0,0,0,0,0,27,6,0,0,1,2,2,264,4,0,24,0
memdump_aug_00043_clean.raw,dumps_v2/clean/augmented/memdump_aug_00043_clean.raw,0,0,0,0,0,0,0,0,0,0,0,0,0,28,7,0,0,1,2,3,264,4,0,24,0
memdump_aug_00044_clean.raw,dumps_v2/clean/augmented/memdump_aug_00044_clean.raw,0,0,0,0,0,0,0,0,0,0,0,0,0,29,8,0,0,1,2,4,264,4,0,24,0
memdump_aug_00045_clean.raw,dumps_v2/clean/augmented/memdump_aug_00045_clean.raw,0,0,0,0,0,0,0,0,0,0,0,0,0,30,0,0,0,1,2,5,264,4,0,24,0
memdump_aug_00046_clean.raw,dumps_v2/clean/augmented/memdump_aug_00046_clean.raw,0,0,0,0,0,0,0,0,0,0,0,0,0,22,1,0,0,1,2,6,264,4,0,24,0
memdump_aug_00047_clean.raw,dumps_v2/clean/augmented/memdump_aug_00047_clean.raw,0,0,0,0,0,0,0,0,0,0,0,0,0,23,2,0,0,1,2,7,264,4,0,24,0
memdump_aug_00048_clean.raw,dumps_v2/clean/augmented/memdump_aug_00048_clean.raw,0,0,0,0,0,0,0,0,0,0,0,0,0,24,3,0,0,1,2,8,264,4,0,24,0
memdump_aug_00049_clean.raw,dumps_v2/clean/augmented/memdump_aug_00049_clean.raw,0,0,0,0,0,0,0,0,0,0,0,0,0,25,4,0,0,1,2,1,264,4,0,24,0
memdump_aug_00050_clean.raw,dumps_v2/clean/augmented/memdump_aug_00050_clean.raw,0,0,0,0,0,0,0,0,0,0,0,0,0,26,5,0,0,1,2,2,264,4,0,24,0
memdump_aug_00051_clean.raw,dumps_v2/clean/augmented/memdump_aug_00051_clean.raw,0,0,0,0,0,0,0,0,0,0,0,0,0,27,6,0,0,1,2,3,264,4,0,24,0
memdump_aug_00052_clean.raw,dumps_v2/clean/augmented/memdump_aug_00052_clean.raw,0,0,0,0,0,0,0,0,0,0,0,0,0,28,7,0,0,1,2,4,264,4,0,24,0
memdump_aug_00053_clean.raw,dumps_v2/clean/augmented/memdump_aug_00053_clean.raw,0,0,0,0,0,0,0,0,0,0,0,0,0,29,8,0,0,1,2,5,264,4,0,24,0
memdump_aug_00054_clean.raw,dumps_v2/clean/augmented/memdump_aug_00054_clean.raw,0,0,0,0,0,0,0,0,0,0,0,0,0,30,0,0,0,1,2,6,264,4,0,24,0
memdump_aug_00055_clean.raw,dumps_v2/clean/augmented/memdump_aug_00055_clean.raw,0,0,0,0,0,0,0,0,0,0,0,0,0,22,1,0,0,1,2,7,264,4,0,24,0
memdump_aug_00056_clean.raw,dumps_v2/clean/augmented/memdump_aug_00056_clean.raw,0,0,0,0,0,0,0,0,0,0,0,0,0,23,2,0,0,1,2,8,264,4,0,24,0
memdump_aug_00057_clean.raw,dumps_v2/clean/augmented/memdump_aug_00057_clean.raw,0,0,0,0,0,0,0,0,0,0,0,0,0,24,3,0,0,1,2,1,264,4,0,24,0
memdump_aug_00058_clean.raw,dumps_v2/clean/augmented/memdump_aug_00058_clean.raw,0,0,0,0,0,0,0,0,0,0,0,0,0,25,4,0,0,1,2,2,264,4,0,24,0
memdump_aug_00059_clean.raw,dumps_v2/clean/augmented/memdump_aug_00059_clean.raw,0,0,0,0,0,0,0,0,0,0,0,0,0,26,5,0,0,1,2,3,264,4,0,24,0
memdump_aug_00060_clean.raw,dumps_v2/clean/augmented/memdump_aug_00060_clean.raw,0,0,0,0,0,0,0,0,0,0,0,0,0,27,6,0,0,1,2,4,264,4,0,24,0
memdump_aug_00061_clean.raw,dumps_v2/clean/augmented/memdump_aug_00061_clean.raw,0,0,0,0,0,0,0,0,0,0,0,0,0,28,7,0,0,1,2,5,264,4,0,24,0
memdump_aug_00062_clean.raw,dumps_v2/clean/augmented/memdump_aug_00062_clean.raw,0,0,0,0,0,0,0,0,0,0,0,0,0,29,8,0,0,1,2,6,264,4,0,24,0
memdump_aug_00063_clean.raw,dumps_v2/clean/augmented/memdump_aug_00063_clean.raw,0,0,0,0,0,0,0,0,0,0,0,0,0,30,0,0,0,1,2,7,264,4,0,24,0
memdump_aug_00064_clean.raw,dumps_v2/clean/augmented/memdump_aug_00064_clean.raw,0,0,0,0,0,0,0,0,0,0,0,0,0,22,1,0,0,1,2,8,264,4,0,24,0
memdump_aug_00065_clean.raw,dumps_v2/clean/augmented/memdump_aug_00065_clean.raw,0,0,0,0,0,0,0,0,0,0,0,0,0,23,2,0,0,1,2,1,264,4,0,24,0
memdump_aug_00066_clean.raw,dumps_v2/clean/augmented/memdump_aug_00066_clean.raw,0,0,0,0,0,0,0,0,0,0,0,0,0,24,3,0,0,1,2,2,264,4,0,24,0
memdump_aug_00067_clean.raw,dumps_v2/clean/augmented/memdump_aug_00067_clean.raw,0,0,0,0,0,0,0,0,0,0,0,0,0,25,4,0,0,1,2,3,264,4,0,24,0
memdump_aug_00068_clean.raw,dumps_v2/clean/augmented/memdump_aug_00068_clean.raw,0,0,0,0,0,0,0,0,0,0,0,0,0,26,5,0,0,1,2,4,264,4,0,24,0
memdump_aug_00069_clean.raw,dumps_v2/clean/augmented/memdump_aug_00069_clean.raw,0,0,0,0,0,0,0,0,0,0,0,0,0,27,6,0,0,1,2,5,264,4,0,24,0
memdump_aug_00070_clean.raw,dumps_v2/clean/augmented/memdump_aug_00070_clean.raw,0,0,0,0,0,0,0,0,0,0,0,0,0,28,7,0,0,1,2,6,264,4,0,24,0
memdump_aug_00071_clean.raw,dumps_v2/clean/augmented/memdump_aug_00071_clean.raw,0,0,0,0,0,0,0,0,0,0,0,0,0,29,8,0,0,1,2,7,264,4,0,24,0
memdump_aug_00072_clean.raw,dumps_v2/clean/augmented/memdump_aug_00072_clean.raw,0,0,0,0,0,0,0,0,0,0,0,0,0,30,0,0,0,1,2,8,264,4,0,24,0
memdump_aug_00073_clean.raw,dumps_v2/clean/augmented/memdump_aug_00073_clean.raw,0,0,0,0,0,0,0,0,0,0,0,0,0,22,2,0,0,1,2,1,264,4,0,24,0
memdump_aug_00074_clean.raw,dumps_v2/clean/augmented/memdump_aug_00074_clean.raw,0,0,0,0,0,0,0,0,0,0,0,0,0,23,3,0,0,1,2,2,264,4,0,24,0
memdump_aug_00075_clean.raw,dumps_v2/clean/augmented/memdump_aug_00075_clean.raw,0,0,0,0,0,0,0,0,0,0,0,0,0,24,4,0,0,1,2,3,264,4,0,24,0
memdump_aug_00076_clean.raw,dumps_v2/clean/augmented/memdump_aug_00076_clean.raw,0,0,0,0,0,0,0,0,0,0,0,0,0,25,5,0,0,1,2,4,264,4,0,24,0
memdump_aug_00077_clean.raw,dumps_v2/clean/augmented/memdump_aug_00077_clean.raw,0,0,0,0,0,0,0,0,0,0,0,0,0,26,6,0,0,1,2,5,264,4,0,24,0
memdump_aug_00078_clean.raw,dumps_v2/clean/augmented/memdump_aug_00078_clean.raw,0,0,0,0,0,0,0,0,0,0,0,0,0,27,7,0,0,1,2,6,264,4,0,24,0
memdump_aug_00079_clean.raw,dumps_v2/clean/augmented/memdump_aug_00079_clean.raw,0,0,0,0,0,0,0,0,0,0,0,0,0,28,8,0,0,1,2,7,264,4,0,24,0
memdump_aug_00080_clean.raw,dumps_v2/clean/augmented/memdump_aug_00080_clean.raw,0,0,0,0,0,0,0,0,0,0,0,0,0,29,0,0,0,1,2,8,264,4,0,24,0
memdump_aug_00081_clean.raw,dumps_v2/clean/augmented/memdump_aug_00081_clean.raw,0,0,0,0,0,0,0,0,0,0,0,0,0,30,1,0,0,1,2,1,264,4,0,24,0
memdump_aug_00082_clean.raw,dumps_v2/clean/augmented/memdump_aug_00082_clean.raw,0,0,0,0,0,0,0,0,0,0,0,0,0,22,2,0,0,1,2,2,264,4,0,24,0
memdump_aug_00083_clean.raw,dumps_v2/clean/augmented/memdump_aug_00083_clean.raw,0,0,0,0,0,0,0,0,0,0,0,0,0,23,3,0,0,1,2,3,264,4,0,24,0
memdump_aug_00084_clean.raw,dumps_v2/clean/augmented/memdump_aug_00084_clean.raw,0,0,0,0,0,0,0,0,0,0,0,0,0,24,4,0,0,1,2,4,264,4,0,24,0
memdump_aug_00085_clean.raw,dumps_v2/clean/augmented/memdump_aug_00085_clean.raw,0,0,0,0,0,0,0,0,0,0,0,0,0,25,5,0,0,1,2,5,264,4,0,24,0
memdump_aug_00086_clean.raw,dumps_v2/clean/augmented/memdump_aug_00086_clean.raw,0,0,0,0,0,0,0,0,0,0,0,0,0,26,6,0,0,1,2,6,264,4,0,24,0
memdump_aug_00087_clean.raw,dumps_v2/clean/augmented/memdump_aug_00087_clean.raw,0,0,0,0,0,0,0,0,0,0,0,0,0,27,7,0,0,1,2,7,264,4,0,24,0
memdump_aug_00088_clean.raw,dumps_v2/clean/augmented/memdump_aug_00088_clean.raw,0,0,0,0,0,0,0,0,0,0,0,0,0,28,8,0,0,1,2,8,264,4,0,24,0
memdump_aug_00089_clean.raw,dumps_v2/clean/augmented/memdump_aug_00089_clean.raw,0,0,0,0,0,0,0,0,0,0,0,0,0,29,0,0,0,1,2,1,264,4,0,24,0
memdump_aug_00090_clean.raw,dumps_v2/clean/augmented/memdump_aug_00090_clean.raw,0,0,0,0,0,0,0,0,0,0,0,0,0,30,1,0,0,1,2,2,264,4,0,24,0
memdump_aug_00091_clean.raw,dumps_v2/clean/augmented/memdump_aug_00091_clean.raw,0,0,0,0,0,0,0,0,0,0,0,0,0,22,2,0,0,1,2,3,264,4,0,24,0
memdump_aug_00092_clean.raw,dumps_v2/clean/augmented/memdump_aug_00092_clean.raw,0,0,0,0,0,0,0,0,0,0,0,0,0,23,3,0,0,1,2,4,264,4,0,24,0
memdump_aug_00093_clean.raw,dumps_v2/clean/augmented/memdump_aug_00093_clean.raw,0,0,0,0,0,0,0,0,0,0,0,0,0,24,4,0,0,1,2,5,264,4,0,24,0
memdump_aug_00094_clean.raw,dumps_v2/clean/augmented/memdump_aug_00094_clean.raw,0,0,0,0,0,0,0,0,0,0,0,0,0,25,5,0,0,1,2,6,264,4,0,24,0
memdump_aug_00095_clean.raw,dumps_v2/clean/augmented/memdump_aug_00095_clean.raw,0,0,0,0,0,0,0,0,0,0,0,0,0,26,6,0,0,1,2,7,264,4,0,24,0
memdump_aug_00096_clean.raw,dumps_v2/clean/augmented/memdump_aug_00096_clean.raw,0,0,0,0,0,0,0,0,0,0,0,0,0,27,7,0,0,1,2,8,264,4,0,24,0
memdump_aug_00097_clean.raw,dumps_v2/clean/augmented/memdump_aug_00097_clean.raw,0,0,0,0,0,0,0,0,0,0,0,0,0,28,8,0,0,1,2,1,264,4,0,24,0
memdump_aug_00098_clean.raw,dumps_v2/clean/augmented/memdump_aug_00098_clean.raw,0,0,0,0,0,0,0,0,0,0,0,0,0,29,0,0,0,1,2,2,264,4,0,24,0
memdump_aug_00099_clean.raw,dumps_v2/clean/augmented/memdump_aug_00099_clean.raw,0,0,0,0,0,0,0,0,0,0,0,0,0,30,1,0,0,1,2,3,264,4,0,24,0
memdump_aug_00100_clean.raw,dumps_v2/clean/augmented/memdump_aug_00100_clean.raw,0,0,0,0,0,0,0,0,0,0,0,0,0,22,2,0,0,1,2,4,264,4,0,24,0
memdump_aug_00101_clean.raw,dumps_v2/clean/augmented/memdump_aug_00101_clean.raw,0,0,0,0,0,0,0,0,0,0,0,0,0,23,3,0,0,1,2,5,264,4,0,24,0
memdump_aug_00102_clean.raw,dumps_v2/clean/augmented/memdump_aug_00102_clean.raw,0,0,0,0,0,0,0,0,0,0,0,0,0,24,4,0,0,1,2,6,264,4,0,24,0
memdump_aug_00103_clean.raw,dumps_v2/clean/augmented/memdump_aug_00103_clean.raw,0,0,0,0,0,0,0,0,0,0,0,0,0,25,5,0,0,1,2,7,264,4,0,24,0
memdump_aug_00104_clean.raw,dumps_v2/clean/augmented/memdump_aug_00104_clean.raw,0,0,0,0,0,0,0,0,0,0,0,0,0,26,6,0,0,1,2,8,264,4,0,24,0
memdump_aug_00105_clean.raw,dumps_v2/clean/augmented/memdump_aug_00105_clean.raw,0,0,0,0,0,0,0,0,0,0,0,0,0,27,7,0,0,1,2,1,264,4,0,24,0
memdump_aug_00106_clean.raw,dumps_v2/clean/augmented/memdump_aug_00106_clean.raw,0,0,0,0,0,0,0,0,0,0,0,0,0,28,8,0,0,1,2,2,264,4,0,24,0
memdump_aug_00107_clean.raw,dumps_v2/clean/augmented/memdump_aug_00107_clean.raw,0,0,0,0,0,0,0,0,0,0,0,0,0,29,0,0,0,1,2,3,264,4,0,24,0
memdump_aug_00108_clean.raw,dumps_v2/clean/augmented/memdump_aug_00108_clean.raw,0,0,0,0,0,0,0,0,0,0,0,0,0,30,1,0,0,1,2,4,264,4,0,24,0
memdump_aug_00109_clean.raw,dumps_v2/clean/augmented/memdump_aug_00109_clean.raw,0,0,0,0,0,0,0,0,0,0,0,0,0,22,2,0,0,1,2,5,264,4,0,24,0
memdump_aug_00110_clean.raw,dumps_v2/clean/augmented/memdump_aug_00110_clean.raw,0,0,0,0,0,0,0,0,0,0,0,0,0,23,3,0,0,1,2,6,264,4,0,24,0
memdump_aug_00111_clean.raw,dumps_v2/clean/augmented/memdump_aug_00111_clean.raw,0,0,0,0,0,0,0,0,0,0,0,0,0,24,4,0,0,1,2,7,264,4,0,24,0
memdump_aug_00112_clean.raw,dumps_v2/clean/augmented/memdump_aug_00112_clean.raw,0,0,0,0,0,0,0,0,0,0,0,0,0,25,5,0,0,1,2,8,264,4,0,24,0
memdump_aug_00113_clean.raw,dumps_v2/clean/augmented/memdump_aug_00113_clean.raw,0,0,0,0,0,0,0,0,0,0,0,0,0,26,6,0,0,1,2,1,264,4,0,24,0
memdump_aug_00114_clean.raw,dumps_v2/clean/augmented/memdump_aug_00114_clean.raw,0,0,0,0,0,0,0,0,0,0,0,0,0,27,7,0,0,1,2,2,264,4,0,24,0
memdump_aug_00115_clean.raw,dumps_v2/clean/augmented/memdump_aug_00115_clean.raw,0,0,0,0,0,0,0,0,0,0,0,0,0,28,8,0,0,1,2,3,264,4,0,24,0
memdump_aug_00116_clean.raw,dumps_v2/clean/augmented/memdump_aug_00116_clean.raw,0,0,0,0,0,0,0,0,0,0,0,0,0,29,0,0,0,1,2,4,264,4,0,24,0
memdump_aug_00117_clean.raw,dumps_v2/clean/augmented/memdump_aug_00117_clean.raw,0,0,0,0,0,0,0,0,0,0,0,0,0,30,1,0,0,1,2,5,264,4,0,24,0
memdump_aug_00118_clean.raw,dumps_v2/clean/augmented/memdump_aug_00118_clean.raw,0,0,0,0,0,0,0,0,0,0,0,0,0,22,2,0,0,1,2,6,264,4,0,24,0
memdump_aug_00119_clean.raw,dumps_v2/clean/augmented/memdump_aug_00119_clean.raw,0,0,0,0,0,0,0,0,0,0,0,0,0,23,3,0,0,1,2,7,264,4,0,24,0
memdump_aug_00120_clean.raw,dumps_v2/clean/augmented/memdump_aug_00120_clean.raw,0,0,0,0,0,0,0,0,0,0,0,0,0,24,4,0,0,1,2,8,264,4,0,24,0
memdump_aug_00121_clean.raw,dumps_v2/clean/augmented/memdump_aug_00121_clean.raw,0,0,0,0,0,0,0,0,0,0,0,0,0,25,5,0,0,1,2,1,264,4,0,24,0
memdump_aug_00122_clean.raw,dumps_v2/clean/augmented/memdump_aug_00122_clean.raw,0,0,0,0,0,0,0,0,0,0,0,0,0,26,6,0,0,1,2,2,264,4,0,24,0
memdump_aug_00123_clean.raw,dumps_v2/clean/augmented/memdump_aug_00123_clean.raw,0,0,0,0,0,0,0,0,0,0,0,0,0,27,7,0,0,1,2,3,264,4,0,24,0
memdump_aug_00124_clean.raw,dumps_v2/clean/augmented/memdump_aug_00124_clean.raw,0,0,0,0,0,0,0,0,0,0,0,0,0,28,8,0,0,1,2,4,264,4,0,24,0
memdump_aug_00125_clean.raw,dumps_v2/clean/augmented/memdump_aug_00125_clean.raw,0,0,0,0,0,0,0,0,0,0,0,0,0,29,0,0,0,1,2,5,264,4,0,24,0
memdump_aug_00126_clean.raw,dumps_v2/clean/augmented/memdump_aug_00126_clean.raw,0,0,0,0,0,0,0,0,0,0,0,0,0,30,1,0,0,1,2,6,264,4,0,24,0
memdump_aug_00127_clean.raw,dumps_v2/clean/augmented/memdump_aug_00127_clean.raw,0,0,0,0,0,0,0,0,0,0,0,0,0,22,2,0,0,1,2,7,264,4,0,24,0
memdump_aug_00128_clean.raw,dumps_v2/clean/augmented/memdump_aug_00128_clean.raw,0,0,0,0,0,0,0,0,0,0,0,0,0,23,3,0,0,1,2,8,264,4,0,24,0
memdump_aug_00129_clean.raw,dumps_v2/clean/augmented/memdump_aug_00129_clean.raw,0,0,0,0,0,0,0,0,0,0,0,0,0,24,4,0,0,1,2,1,264,4,0,24,0
memdump_aug_00130_clean.raw,dumps_v2/clean/augmented/memdump_aug_00130_clean.raw,0,0,0,0,0,0,0,0,0,0,0,0,0,25,5,0,0,1,2,2,264,4,0,24,0
memdump_aug_00131_clean.raw,dumps_v2/clean/augmented/memdump_aug_00131_clean.raw,0,0,0,0,0,0,0,0,0,0,0,0,0,26,6,0,0,1,2,3,264,4,0,24,0
memdump_aug_00132_clean.raw,dumps_v2/clean/augmented/memdump_aug_00132_clean.raw,0,0,0,0,0,0,0,0,0,0,0,0,0,27,7,0,0,1,2,4,264,4,0,24,0
memdump_aug_00133_clean.raw,dumps_v2/clean/augmented/memdump_aug_00133_clean.raw,0,0,0,0,0,0,0,0,0,0,0,0,0,28,8,0,0,1,2,5,264,4,0,24,0
memdump_aug_00134_clean.raw,dumps_v2/clean/augmented/memdump_aug_00134_clean.raw,0,0,0,0,0,0,0,0,0,0,0,0,0,29,0,0,0,1,2,6,264,4,0,24,0
memdump_aug_00135_clean.raw,dumps_v2/clean/augmented/memdump_aug_00135_clean.raw,0,0,0,0,0,0,0,0,0,0,0,0,0,30,1,0,0,1,2,7,264,4,0,24,0
memdump_aug_00136_clean.raw,dumps_v2/clean/augmented/memdump_aug_00136_clean.raw,0,0,0,0,0,0,0,0,0,0,0,0,0,22,2,0,0,1,2,8,264,4,0,24,0
memdump_aug_00137_clean.raw,dumps_v2/clean/augmented/memdump_aug_00137_clean.raw,0,0,0,0,0,0,0,0,0,0,0,0,0,23,3,0,0,1,2,1,264,4,0,24,0
memdump_aug_00138_clean.raw,dumps_v2/clean/augmented/memdump_aug_00138_clean.raw,0,0,0,0,0,0,0,0,0,0,0,0,0,24,4,0,0,1,2,2,264,4,0,24,0
memdump_aug_00139_clean.raw,dumps_v2/clean/augmented/memdump_aug_00139_clean.raw,0,0,0,0,0,0,0,0,0,0,0,0,0,25,5,0,0,1,2,3,264,4,0,24,0
memdump_aug_00140_clean.raw,dumps_v2/clean/augmented/memdump_aug_00140_clean.raw,0,0,0,0,0,0,0,0,0,0,0,0,0,26,6,0,0,1,2,4,264,4,0,24,0
memdump_aug_00141_clean.raw,dumps_v2/clean/augmented/memdump_aug_00141_clean.raw,0,0,0,0,0,0,0,0,0,0,0,0,0,27,7,0,0,1,2,5,264,4,0,24,0
memdump_aug_00142_clean.raw,dumps_v2/clean/augmented/memdump_aug_00142_clean.raw,0,0,0,0,0,0,0,0,0,0,0,0,0,28,8,0,0,1,2,6,264,4,0,24,0
memdump_aug_00143_clean.raw,dumps_v2/clean/augmented/memdump_aug_00143_clean.raw,0,0,0,0,0,0,0,0,0,0,0,0,0,29,0,0,0,1,2,7,264,4,0,24,0
memdump_aug_00144_clean.raw,dumps_v2/clean/augmented/memdump_aug_00144_clean.raw,0,0,0,0,0,0,0,0,0,0,0,0,0,30,1,0,0,1,2,8,264,4,0,24,0
memdump_aug_00145_clean.raw,dumps_v2/clean/augmented/memdump_aug_00145_clean.raw,0,0,0,0,0,0,0,0,0,0,0,0,0,22,3,0,0,1,2,1,264,4,0,24,0
memdump_aug_00146_clean.raw,dumps_v2/clean/augmented/memdump_aug_00146_clean.raw,0,0,0,0,0,0,0,0,0,0,0,0,0,23,4,0,0,1,2,2,264,4,0,24,0
memdump_aug_00147_clean.raw,dumps_v2/clean/augmented/memdump_aug_00147_clean.raw,0,0,0,0,0,0,0,0,0,0,0,0,0,24,5,0,0,1,2,3,264,4,0,24,0
memdump_aug_00148_clean.raw,dumps_v2/clean/augmented/memdump_aug_00148_clean.raw,0,0,0,0,0,0,0,0,0,0,0,0,0,25,6,0,0,1,2,4,264,4,0,24,0
memdump_aug_00149_clean.raw,dumps_v2/clean/augmented/memdump_aug_00149_clean.raw,0,0,0,0,0,0,0,0,0,0,0,0,0,26,7,0,0,1,2,5,264,4,0,24,0
memdump_aug_00150_clean.raw,dumps_v2/clean/augmented/memdump_aug_00150_clean.raw,0,0,0,0,0,0,0,0,0,0,0,0,0,27,8,0,0,1,2,6,264,4,0,24,0
memdump_aug_00151_clean.raw,dumps_v2/clean/augmented/memdump_aug_00151_clean.raw,0,0,0,0,0,0,0,0,0,0,0,0,0,28,0,0,0,1,2,7,264,4,0,24,0
memdump_aug_00152_clean.raw,dumps_v2/clean/augmented/memdump_aug_00152_clean.raw,0,0,0,0,0,0,0,0,0,0,0,0,0,29,1,0,0,1,2,8,264,4,0,24,0
memdump_aug_00153_clean.raw,dumps_v2/clean/augmented/memdump_aug_00153_clean.raw,0,0,0,0,0,0,0,0,0,0,0,0,0,30,2,0,0,1,2,1,264,4,0,24,0
memdump_aug_00154_clean.raw,dumps_v2/clean/augmented/memdump_aug_00154_clean.raw,0,0,0,0,0,0,0,0,0,0,0,0,0,22,3,0,0,1,2,2,264,4,0,24,0
memdump_aug_00155_clean.raw,dumps_v2/clean/augmented/memdump_aug_00155_clean.raw,0,0,0,0,0,0,0,0,0,0,0,0,0,23,4,0,0,1,2,3,264,4,0,24,0
memdump_aug_00156_clean.raw,dumps_v2/clean/augmented/memdump_aug_00156_clean.raw,0,0,0,0,0,0,0,0,0,0,0,0,0,24,5,0,0,1,2,4,264,4,0,24,0
memdump_aug_00157_clean.raw,dumps_v2/clean/augmented/memdump_aug_00157_clean.raw,0,0,0,0,0,0,0,0,0,0,0,0,0,25,6,0,0,1,2,5,264,4,0,24,0
memdump_aug_00158_clean.raw,dumps_v2/clean/augmented/memdump_aug_00158_clean.raw,0,0,0,0,0,0,0,0,0,0,0,0,0,26,7,0,0,1,2,6,264,4,0,24,0
memdump_aug_00159_clean.raw,dumps_v2/clean/augmented/memdump_aug_00159_clean.raw,0,0,0,0,0,0,0,0,0,0,0,0,0,27,8,0,0,1,2,7,264,4,0,24,0
memdump_aug_00160_clean.raw,dumps_v2/clean/augmented/memdump_aug_00160_clean.raw,0,0,0,0,0,0,0,0,0,0,0,0,0,28,0,0,0,1,2,8,264,4,0,24,0
memdump_aug_00161_clean.raw,dumps_v2/clean/augmented/memdump_aug_00161_clean.raw,0,0,0,0,0,0,0,0,0,0,0,0,0,29,1,0,0,1,2,1,264,4,0,24,0
memdump_aug_00162_clean.raw,dumps_v2/clean/augmented/memdump_aug_00162_clean.raw,0,0,0,0,0,0,0,0,0,0,0,0,0,30,2,0,0,1,2,2,264,4,0,24,0
memdump_aug_00163_clean.raw,dumps_v2/clean/augmented/memdump_aug_00163_clean.raw,0,0,0,0,0,0,0,0,0,0,0,0,0,22,3,0,0,1,2,3,264,4,0,24,0
memdump_aug_00164_clean.raw,dumps_v2/clean/augmented/memdump_aug_00164_clean.raw,0,0,0,0,0,0,0,0,0,0,0,0,0,23,4,0,0,1,2,4,264,4,0,24,0
memdump_aug_00165_clean.raw,dumps_v2/clean/augmented/memdump_aug_00165_clean.raw,0,0,0,0,0,0,0,0,0,0,0,0,0,24,5,0,0,1,2,5,264,4,0,24,0
memdump_aug_00166_clean.raw,dumps_v2/clean/augmented/memdump_aug_00166_clean.raw,0,0,0,0,0,0,0,0,0,0,0,0,0,25,6,0,0,1,2,6,264,4,0,24,0
memdump_aug_00167_clean.raw,dumps_v2/clean/augmented/memdump_aug_00167_clean.raw,0,0,0,0,0,0,0,0,0,0,0,0,0,26,7,0,0,1,2,7,264,4,0,24,0
memdump_aug_00168_clean.raw,dumps_v2/clean/augmented/memdump_aug_00168_clean.raw,0,0,0,0,0,0,0,0,0,0,0,0,0,27,8,0,0,1,2,8,264,4,0,24,0
memdump_aug_00169_clean.raw,dumps_v2/clean/augmented/memdump_aug_00169_clean.raw,0,0,0,0,0,0,0,0,0,0,0,0,0,28,0,0,0,1,2,1,264,4,0,24,0
memdump_aug_00170_clean.raw,dumps_v2/clean/augmented/memdump_aug_00170_clean.raw,0,0,0,0,0,0,0,0,0,0,0,0,0,29,1,0,0,1,2,2,264,4,0,24,0
memdump_aug_00171_clean.raw,dumps_v2/clean/augmented/memdump_aug_00171_clean.raw,0,0,0,0,0,0,0,0,0,0,0,0,0,30,2,0,0,1,2,3,264,4,0,24,0
memdump_aug_00172_clean.raw,dumps_v2/clean/augmented/memdump_aug_00172_clean.raw,0,0,0,0,0,0,0,0,0,0,0,0,0,22,3,0,0,1,2,4,264,4,0,24,0
memdump_aug_00173_clean.raw,dumps_v2/clean/augmented/memdump_aug_00173_clean.raw,0,0,0,0,0,0,0,0,0,0,0,0,0,23,4,0,0,1,2,5,264,4,0,24,0
memdump_aug_00174_clean.raw,dumps_v2/clean/augmented/memdump_aug_00174_clean.raw,0,0,0,0,0,0,0,0,0,0,0,0,0,24,5,0,0,1,2,6,264,4,0,24,0
memdump_aug_00175_clean.raw,dumps_v2/clean/augmented/memdump_aug_00175_clean.raw,0,0,0,0,0,0,0,0,0,0,0,0,0,25,6,0,0,1,2,7,264,4,0,24,0
memdump_aug_00176_clean.raw,dumps_v2/clean/augmented/memdump_aug_00176_clean.raw,0,0,0,0,0,0,0,0,0,0,0,0,0,26,7,0,0,1,2,8,264,4,0,24,0
memdump_aug_00177_clean.raw,dumps_v2/clean/augmented/memdump_aug_00177_clean.raw,0,0,0,0,0,0,0,0,0,0,0,0,0,27,8,0,0,1,2,1,264,4,0,24,0
memdump_aug_00178_clean.raw,dumps_v2/clean/augmented/memdump_aug_00178_clean.raw,0,0,0,0,0,0,0,0,0,0,0,0,0,28,0,0,0,1,2,2,264,4,0,24,0
memdump_aug_00179_clean.raw,dumps_v2/clean/augmented/memdump_aug_00179_clean.raw,0,0,0,0,0,0,0,0,0,0,0,0,0,29,1,0,0,1,2,3,264,4,0,24,0
memdump_aug_00180_clean.raw,dumps_v2/clean/augmented/memdump_aug_00180_clean.raw,0,0,0,0,0,0,0,0,0,0,0,0,0,30,2,0,0,1,2,4,264,4,0,24,0
memdump_aug_00181_clean.raw,dumps_v2/clean/augmented/memdump_aug_00181_clean.raw,0,0,0,0,0,0,0,0,0,0,0,0,0,22,3,0,0,1,2,5,264,4,0,24,0
memdump_aug_00182_clean.raw,dumps_v2/clean/augmented/memdump_aug_00182_clean.raw,0,0,0,0,0,0,0,0,0,0,0,0,0,23,4,0,0,1,2,6,264,4,0,24,0
memdump_aug_00183_clean.raw,dumps_v2/clean/augmented/memdump_aug_00183_clean.raw,0,0,0,0,0,0,0,0,0,0,0,0,0,24,5,0,0,1,2,7,264,4,0,24,0
memdump_aug_00184_clean.raw,dumps_v2/clean/augmented/memdump_aug_00184_clean.raw,0,0,0,0,0,0,0,0,0,0,0,0,0,25,6,0,0,1,2,8,264,4,0,24,0
memdump_aug_00185_clean.raw,dumps_v2/clean/augmented/memdump_aug_00185_clean.raw,0,0,0,0,0,0,0,0,0,0,0,0,0,26,7,0,0,1,2,1,264,4,0,24,0
memdump_aug_00186_clean.raw,dumps_v2/clean/augmented/memdump_aug_00186_clean.raw,0,0,0,0,0,0,0,0,0,0,0,0,0,27,8,0,0,1,2,2,264,4,0,24,0
